[
    {
       "date": "2018-01-01",
       "open": 13863.13,
       "high": 13889,
       "low": 12952.5,
       "close": 13480.01,
       "volume_btc": 11484.01,
       "volume_usd": 154169331.5
    },
    {
       "date": "2018-01-02",
       "open": 13480.01,
       "high": 15275,
       "low": 13005,
       "close": 14781.51,
       "volume_btc": 23957.87,
       "volume_usd": 339284691.7
    },
    {
       "date": "2018-01-03",
       "open": 14781.51,
       "high": 15400,
       "low": 14628,
       "close": 15098.14,
       "volume_btc": 16584.63,
       "volume_usd": 248696705.2
    },
    {
       "date": "2018-01-04",
       "open": 15098.14,
       "high": 15400,
       "low": 14230,
       "close": 15144.99,
       "volume_btc": 17980.39,
       "volume_usd": 267365600.8
    },
    {
       "date": "2018-01-05",
       "open": 15144.99,
       "high": 17178,
       "low": 14824.05,
       "close": 16960.01,
       "volume_btc": 20781.65,
       "volume_usd": 332879426.6
    },
    {
       "date": "2018-01-06",
       "open": 16960.01,
       "high": 17174,
       "low": 16251.01,
       "close": 17099,
       "volume_btc": 12927.52,
       "volume_usd": 216003326.2
    },
    {
       "date": "2018-01-07",
       "open": 17099,
       "high": 17115.01,
       "low": 15755.01,
       "close": 16174.22,
       "volume_btc": 10937.57,
       "volume_usd": 179675309.9
    },
    {
       "date": "2018-01-08",
       "open": 16174.22,
       "high": 16275,
       "low": 14000,
       "close": 14993.74,
       "volume_btc": 21174.24,
       "volume_usd": 319727096.9
    },
    {
       "date": "2018-01-09",
       "open": 14993.74,
       "high": 15384,
       "low": 14230,
       "close": 14480.99,
       "volume_btc": 14131.42,
       "volume_usd": 208863824.4
    },
    {
       "date": "2018-01-10",
       "open": 14480.99,
       "high": 14875.18,
       "low": 13550.01,
       "close": 14875.18,
       "volume_btc": 20897.79,
       "volume_usd": 297138669.1
    },
    {
       "date": "2018-01-11",
       "open": 14875.18,
       "high": 14970,
       "low": 12800.01,
       "close": 13308.06,
       "volume_btc": 25968.83,
       "volume_usd": 353069761.2
    },
    {
       "date": "2018-01-12",
       "open": 13308.06,
       "high": 14080.83,
       "low": 12900,
       "close": 13820,
       "volume_btc": 13970.64,
       "volume_usd": 190014298.8
    },
    {
       "date": "2018-01-13",
       "open": 13820,
       "high": 14500,
       "low": 13792.25,
       "close": 14187.95,
       "volume_btc": 9997.76,
       "volume_usd": 141996765.8
    },
    {
       "date": "2018-01-14",
       "open": 14187.95,
       "high": 14332.85,
       "low": 13110,
       "close": 13656.23,
       "volume_btc": 9965.91,
       "volume_usd": 135900260.3
    },
    {
       "date": "2018-01-15",
       "open": 13656.23,
       "high": 14253,
       "low": 13416,
       "close": 13590,
       "volume_btc": 9999.69,
       "volume_usd": 138344684.4
    },
    {
       "date": "2018-01-16",
       "open": 13590,
       "high": 13643.66,
       "low": 9928.62,
       "close": 11570.01,
       "volume_btc": 55998.79,
       "volume_usd": 658276609.3
    },
    {
       "date": "2018-01-17",
       "open": 11570.01,
       "high": 12358.89,
       "low": 9010,
       "close": 11200.01,
       "volume_btc": 60648.02,
       "volume_usd": 638793423.3
    },
    {
       "date": "2018-01-18",
       "open": 11200.01,
       "high": 12123.1,
       "low": 10687.21,
       "close": 11305.53,
       "volume_btc": 29065.2,
       "volume_usd": 335822137
    },
    {
       "date": "2018-01-19",
       "open": 11305.53,
       "high": 11973.99,
       "low": 11050,
       "close": 11498.99,
       "volume_btc": 15569.99,
       "volume_usd": 178499762.2
    },
    {
       "date": "2018-01-20",
       "open": 11498.99,
       "high": 12985.55,
       "low": 11498.99,
       "close": 12762.8,
       "volume_btc": 18087.06,
       "volume_usd": 224252854.6
    },
    {
       "date": "2018-01-21",
       "open": 12762.8,
       "high": 12762.8,
       "low": 11118,
       "close": 11518.16,
       "volume_btc": 15537.7,
       "volume_usd": 183763425.2
    },
    {
       "date": "2018-01-22",
       "open": 11518.16,
       "high": 11849,
       "low": 10025,
       "close": 10766.7,
       "volume_btc": 23186.08,
       "volume_usd": 250015050.8
    },
    {
       "date": "2018-01-23",
       "open": 10766.7,
       "high": 11370,
       "low": 9945,
       "close": 10824.94,
       "volume_btc": 20835.11,
       "volume_usd": 223535253.8
    },
    {
       "date": "2018-01-24",
       "open": 10824.94,
       "high": 11450,
       "low": 10457,
       "close": 11356.79,
       "volume_btc": 14157.04,
       "volume_usd": 155476131.1
    },
    {
       "date": "2018-01-25",
       "open": 11356.79,
       "high": 11690,
       "low": 10851,
       "close": 11118,
       "volume_btc": 12700.49,
       "volume_usd": 143410569.5
    },
    {
       "date": "2018-01-26",
       "open": 11118,
       "high": 11570,
       "low": 10305,
       "close": 11086.89,
       "volume_btc": 18029.05,
       "volume_usd": 197099538.1
    },
    {
       "date": "2018-01-27",
       "open": 11086.89,
       "high": 11494.08,
       "low": 10850,
       "close": 11319,
       "volume_btc": 11770.93,
       "volume_usd": 131986246.7
    },
    {
       "date": "2018-01-28",
       "open": 11319,
       "high": 11695,
       "low": 11234.99,
       "close": 11536,
       "volume_btc": 13109.53,
       "volume_usd": 150128732.8
    },
    {
       "date": "2018-01-29",
       "open": 11536,
       "high": 11570,
       "low": 10840,
       "close": 11123.01,
       "volume_btc": 10478.81,
       "volume_usd": 116748731.2
    },
    {
       "date": "2018-01-30",
       "open": 11123.01,
       "high": 11150,
       "low": 9714.84,
       "close": 9995,
       "volume_btc": 25138.03,
       "volume_usd": 258791883.9
    },
    {
       "date": "2018-01-31",
       "open": 9995,
       "high": 10299.95,
       "low": 9601.02,
       "close": 10099.99,
       "volume_btc": 18610.62,
       "volume_usd": 184380608.9
    },
    {
       "date": "2018-02-01",
       "open": 10099.99,
       "high": 10166.25,
       "low": 8400,
       "close": 9010.61,
       "volume_btc": 33299.38,
       "volume_usd": 304619253.3
    },
    {
       "date": "2018-02-02",
       "open": 9010.61,
       "high": 9090,
       "low": 7540,
       "close": 8787.52,
       "volume_btc": 47657.97,
       "volume_usd": 402616764.5
    },
    {
       "date": "2018-02-03",
       "open": 8787.52,
       "high": 9499,
       "low": 8115.48,
       "close": 9240,
       "volume_btc": 22376.49,
       "volume_usd": 199874964.5
    },
    {
       "date": "2018-02-04",
       "open": 9240,
       "high": 9350,
       "low": 7859,
       "close": 8167.9,
       "volume_btc": 22632.67,
       "volume_usd": 192692988.5
    },
    {
       "date": "2018-02-05",
       "open": 8167.9,
       "high": 8349.16,
       "low": 6426.94,
       "close": 6905.19,
       "volume_btc": 55053.58,
       "volume_usd": 400000801.6
    },
    {
       "date": "2018-02-06",
       "open": 6905.19,
       "high": 7948.89,
       "low": 5873,
       "close": 7688.46,
       "volume_btc": 85899.42,
       "volume_usd": 586030103.5
    },
    {
       "date": "2018-02-07",
       "open": 7688.46,
       "high": 8649.88,
       "low": 7212.82,
       "close": 7575.75,
       "volume_btc": 47816.08,
       "volume_usd": 379213828.6
    },
    {
       "date": "2018-02-08",
       "open": 7575.75,
       "high": 8625,
       "low": 7550,
       "close": 8218.1,
       "volume_btc": 29803.75,
       "volume_usd": 243905456.6
    },
    {
       "date": "2018-02-09",
       "open": 8218.1,
       "high": 8700,
       "low": 7750,
       "close": 8671.01,
       "volume_btc": 25750.68,
       "volume_usd": 212311612.7
    },
    {
       "date": "2018-02-10",
       "open": 8671.01,
       "high": 9090,
       "low": 8155.01,
       "close": 8547.49,
       "volume_btc": 22712.61,
       "volume_usd": 196226191.9
    },
    {
       "date": "2018-02-11",
       "open": 8547.49,
       "high": 8547.49,
       "low": 7857.78,
       "close": 8072.99,
       "volume_btc": 16176.24,
       "volume_usd": 132445927.4
    },
    {
       "date": "2018-02-12",
       "open": 8072.99,
       "high": 8950,
       "low": 8072.99,
       "close": 8872.28,
       "volume_btc": 18475.22,
       "volume_usd": 159371645.1
    },
    {
       "date": "2018-02-13",
       "open": 8872.28,
       "high": 8925,
       "low": 8393.1,
       "close": 8520.01,
       "volume_btc": 13139.47,
       "volume_usd": 113357334.8
    },
    {
       "date": "2018-02-14",
       "open": 8520.01,
       "high": 9482.5,
       "low": 8520,
       "close": 9472.98,
       "volume_btc": 22243.16,
       "volume_usd": 202543478.1
    },
    {
       "date": "2018-02-15",
       "open": 9472.98,
       "high": 10249.81,
       "low": 9342.46,
       "close": 10031.23,
       "volume_btc": 29789.74,
       "volume_usd": 293186307.4
    },
    {
       "date": "2018-02-16",
       "open": 10031.23,
       "high": 10307.68,
       "low": 9729.58,
       "close": 10167.49,
       "volume_btc": 16620.41,
       "volume_usd": 166819978.5
    },
    {
       "date": "2018-02-17",
       "open": 10167.49,
       "high": 11149,
       "low": 10057,
       "close": 11121.5,
       "volume_btc": 19222.9,
       "volume_usd": 205648014.8
    },
    {
       "date": "2018-02-18",
       "open": 11121.5,
       "high": 11299.1,
       "low": 10159,
       "close": 10380.04,
       "volume_btc": 24142.4,
       "volume_usd": 259535413.8
    },
    {
       "date": "2018-02-19",
       "open": 10380.04,
       "high": 11274.11,
       "low": 10297.39,
       "close": 11140,
       "volume_btc": 16154.08,
       "volume_usd": 175983581.8
    },
    {
       "date": "2018-02-20",
       "open": 11140,
       "high": 11775,
       "low": 11000,
       "close": 11235.57,
       "volume_btc": 24951.36,
       "volume_usd": 285961831.2
    },
    {
       "date": "2018-02-21",
       "open": 11235.57,
       "high": 11278.81,
       "low": 10250,
       "close": 10454.27,
       "volume_btc": 27910.71,
       "volume_usd": 300205501.4
    },
    {
       "date": "2018-02-22",
       "open": 10454.27,
       "high": 10900,
       "low": 9715.27,
       "close": 9830,
       "volume_btc": 26422.13,
       "volume_usd": 268890664
    },
    {
       "date": "2018-02-23",
       "open": 9830,
       "high": 10390.77,
       "low": 9576.43,
       "close": 10144.99,
       "volume_btc": 19664.01,
       "volume_usd": 196376198.6
    },
    {
       "date": "2018-02-24",
       "open": 10144.99,
       "high": 10494.14,
       "low": 9372.72,
       "close": 9688.62,
       "volume_btc": 18197.93,
       "volume_usd": 180155629.2
    },
    {
       "date": "2018-02-25",
       "open": 9688.62,
       "high": 9850,
       "low": 9324.75,
       "close": 9597.99,
       "volume_btc": 11129.51,
       "volume_usd": 106497962.9
    },
    {
       "date": "2018-02-26",
       "open": 9597.99,
       "high": 10447.74,
       "low": 9404,
       "close": 10300,
       "volume_btc": 17504.87,
       "volume_usd": 175797727.9
    },
    {
       "date": "2018-02-27",
       "open": 10300,
       "high": 10845.07,
       "low": 10133.33,
       "close": 10566.57,
       "volume_btc": 16465.19,
       "volume_usd": 173762146
    },
    {
       "date": "2018-02-28",
       "open": 10566.57,
       "high": 11044,
       "low": 10263,
       "close": 10307.27,
       "volume_btc": 17897.55,
       "volume_usd": 190456964.9
    },
    {
       "date": "2018-03-01",
       "open": 10307.27,
       "high": 11075,
       "low": 10213.99,
       "close": 10895.92,
       "volume_btc": 13824.45,
       "volume_usd": 147941446
    },
    {
       "date": "2018-03-02",
       "open": 10895.92,
       "high": 11149,
       "low": 10765,
       "close": 11000,
       "volume_btc": 12662.82,
       "volume_usd": 139077193.5
    },
    {
       "date": "2018-03-03",
       "open": 11000,
       "high": 11494.57,
       "low": 11000,
       "close": 11432.5,
       "volume_btc": 12066.71,
       "volume_usd": 136586889.1
    },
    {
       "date": "2018-03-04",
       "open": 11432.5,
       "high": 11487,
       "low": 11045.03,
       "close": 11469.9,
       "volume_btc": 7942.05,
       "volume_usd": 89511765.48
    },
    {
       "date": "2018-03-05",
       "open": 11469.9,
       "high": 11645.74,
       "low": 11340,
       "close": 11377.54,
       "volume_btc": 9470.43,
       "volume_usd": 109153960.7
    },
    {
       "date": "2018-03-06",
       "open": 11377.54,
       "high": 11395.63,
       "low": 10565.85,
       "close": 10700,
       "volume_btc": 16724.71,
       "volume_usd": 183282864.1
    },
    {
       "date": "2018-03-07",
       "open": 10700,
       "high": 10894,
       "low": 9400,
       "close": 9925,
       "volume_btc": 29225.23,
       "volume_usd": 294388277.2
    },
    {
       "date": "2018-03-08",
       "open": 9925,
       "high": 10098,
       "low": 9050,
       "close": 9304.89,
       "volume_btc": 21350.15,
       "volume_usd": 204726520.4
    },
    {
       "date": "2018-03-09",
       "open": 9304.89,
       "high": 9410,
       "low": 8370,
       "close": 9255,
       "volume_btc": 38841.8,
       "volume_usd": 344813643.7
    },
    {
       "date": "2018-03-10",
       "open": 9255,
       "high": 9514,
       "low": 8727.68,
       "close": 8795.44,
       "volume_btc": 16051.83,
       "volume_usd": 147598925.1
    },
    {
       "date": "2018-03-11",
       "open": 8795.44,
       "high": 9760,
       "low": 8516,
       "close": 9533.88,
       "volume_btc": 20534.85,
       "volume_usd": 188590778.8
    },
    {
       "date": "2018-03-12",
       "open": 9533.88,
       "high": 9890,
       "low": 8780.49,
       "close": 9120,
       "volume_btc": 19816.17,
       "volume_usd": 184885705.9
    },
    {
       "date": "2018-03-13",
       "open": 9120,
       "high": 9472.88,
       "low": 8855,
       "close": 9145.41,
       "volume_btc": 16059.63,
       "volume_usd": 146974006.1
    },
    {
       "date": "2018-03-14",
       "open": 9145.41,
       "high": 9340,
       "low": 7931,
       "close": 8207.02,
       "volume_btc": 25336.6,
       "volume_usd": 216554439.9
    },
    {
       "date": "2018-03-15",
       "open": 8207.02,
       "high": 8400,
       "low": 7666,
       "close": 8259.99,
       "volume_btc": 26426.13,
       "volume_usd": 213272177.7
    },
    {
       "date": "2018-03-16",
       "open": 8259.99,
       "high": 8600,
       "low": 7911,
       "close": 8275,
       "volume_btc": 16138.02,
       "volume_usd": 134277880.2
    },
    {
       "date": "2018-03-17",
       "open": 8275,
       "high": 8349.82,
       "low": 7751,
       "close": 7857.6,
       "volume_btc": 13146.15,
       "volume_usd": 105411863.2
    },
    {
       "date": "2018-03-18",
       "open": 7857.6,
       "high": 8302.73,
       "low": 7310,
       "close": 8192,
       "volume_btc": 29124.27,
       "volume_usd": 223313677.7
    },
    {
       "date": "2018-03-19",
       "open": 8192,
       "high": 8750.61,
       "low": 8110,
       "close": 8589.01,
       "volume_btc": 24075.67,
       "volume_usd": 201918172.7
    },
    {
       "date": "2018-03-20",
       "open": 8589.01,
       "high": 9046.26,
       "low": 8316.99,
       "close": 8900,
       "volume_btc": 18799.01,
       "volume_usd": 163562452.5
    },
    {
       "date": "2018-03-21",
       "open": 8900,
       "high": 9174,
       "low": 8745,
       "close": 8891.81,
       "volume_btc": 14536.32,
       "volume_usd": 130220366.2
    },
    {
       "date": "2018-03-22",
       "open": 8891.81,
       "high": 9073.93,
       "low": 8467.27,
       "close": 8715.09,
       "volume_btc": 13885.21,
       "volume_usd": 121308053.7
    },
    {
       "date": "2018-03-23",
       "open": 8715.09,
       "high": 8927.81,
       "low": 8280.04,
       "close": 8927.1,
       "volume_btc": 14212.8,
       "volume_usd": 121329830.1
    },
    {
       "date": "2018-03-24",
       "open": 8927.1,
       "high": 8999,
       "low": 8508,
       "close": 8531.34,
       "volume_btc": 11073.17,
       "volume_usd": 97652321.95
    },
    {
       "date": "2018-03-25",
       "open": 8531.34,
       "high": 8670,
       "low": 8359.99,
       "close": 8453,
       "volume_btc": 8511.92,
       "volume_usd": 72497141.51
    },
    {
       "date": "2018-03-26",
       "open": 8453,
       "high": 8498,
       "low": 7858.1,
       "close": 8145,
       "volume_btc": 18298.44,
       "volume_usd": 148145385.2
    },
    {
       "date": "2018-03-27",
       "open": 8145,
       "high": 8219.99,
       "low": 7757,
       "close": 7793.61,
       "volume_btc": 14466.67,
       "volume_usd": 115150613.4
    },
    {
       "date": "2018-03-28",
       "open": 7793.61,
       "high": 8088,
       "low": 7727.76,
       "close": 7942.72,
       "volume_btc": 10608.52,
       "volume_usd": 83867112.62
    },
    {
       "date": "2018-03-29",
       "open": 7942.72,
       "high": 7957,
       "low": 6905,
       "close": 7079.99,
       "volume_btc": 25708.79,
       "volume_usd": 189532739.9
    },
    {
       "date": "2018-03-30",
       "open": 7079.99,
       "high": 7275.35,
       "low": 6600,
       "close": 6848.01,
       "volume_btc": 27479.15,
       "volume_usd": 188520448.2
    },
    {
       "date": "2018-03-31",
       "open": 6848.01,
       "high": 7200,
       "low": 6780.19,
       "close": 6928.5,
       "volume_btc": 13622.58,
       "volume_usd": 95623991.66
    },
    {
       "date": "2018-04-01",
       "open": 6928.5,
       "high": 7044.46,
       "low": 6450,
       "close": 6816.01,
       "volume_btc": 14325.78,
       "volume_usd": 96628050.91
    },
    {
       "date": "2018-04-02",
       "open": 6816.01,
       "high": 7100,
       "low": 6777.28,
       "close": 7045.01,
       "volume_btc": 13713.65,
       "volume_usd": 95762835.6
    },
    {
       "date": "2018-04-03",
       "open": 7045.01,
       "high": 7520,
       "low": 7017,
       "close": 7424.9,
       "volume_btc": 17483.9,
       "volume_usd": 127896836.6
    },
    {
       "date": "2018-04-04",
       "open": 7424.9,
       "high": 7424.91,
       "low": 6708.46,
       "close": 6791.68,
       "volume_btc": 13910.56,
       "volume_usd": 97474965.59
    },
    {
       "date": "2018-04-05",
       "open": 6791.68,
       "high": 6923.1,
       "low": 6574,
       "close": 6785.85,
       "volume_btc": 13909.99,
       "volume_usd": 93740462.05
    },
    {
       "date": "2018-04-06",
       "open": 6785.85,
       "high": 6847,
       "low": 6518.88,
       "close": 6619.01,
       "volume_btc": 10149.64,
       "volume_usd": 67416432.95
    },
    {
       "date": "2018-04-07",
       "open": 6619.01,
       "high": 7059,
       "low": 6605.08,
       "close": 6894.01,
       "volume_btc": 9502.09,
       "volume_usd": 65545725
    },
    {
       "date": "2018-04-08",
       "open": 6894.01,
       "high": 7099.99,
       "low": 6891.83,
       "close": 7020.01,
       "volume_btc": 5869.72,
       "volume_usd": 41042355.66
    },
    {
       "date": "2018-04-09",
       "open": 7020.01,
       "high": 7169.53,
       "low": 6617,
       "close": 6771.13,
       "volume_btc": 12931.92,
       "volume_usd": 88680243.77
    },
    {
       "date": "2018-04-10",
       "open": 6771.13,
       "high": 6893.29,
       "low": 6661.19,
       "close": 6824.99,
       "volume_btc": 7126.47,
       "volume_usd": 48398352.42
    },
    {
       "date": "2018-04-11",
       "open": 6824.99,
       "high": 6974,
       "low": 6806.01,
       "close": 6942.99,
       "volume_btc": 7809.09,
       "volume_usd": 53835669.46
    },
    {
       "date": "2018-04-12",
       "open": 6942.99,
       "high": 8050,
       "low": 6767.77,
       "close": 7916,
       "volume_btc": 28395.32,
       "volume_usd": 214771004.9
    },
    {
       "date": "2018-04-13",
       "open": 7916,
       "high": 8220,
       "low": 7760,
       "close": 7893.19,
       "volume_btc": 20659.55,
       "volume_usd": 165216508.7
    },
    {
       "date": "2018-04-14",
       "open": 7893.19,
       "high": 8150,
       "low": 7830,
       "close": 8003.11,
       "volume_btc": 9036.54,
       "volume_usd": 72396037.5
    },
    {
       "date": "2018-04-15",
       "open": 8003.11,
       "high": 8392.56,
       "low": 8003.11,
       "close": 8355.25,
       "volume_btc": 9106.28,
       "volume_usd": 75015635.82
    },
    {
       "date": "2018-04-16",
       "open": 8355.25,
       "high": 8398.98,
       "low": 7905.99,
       "close": 8048.93,
       "volume_btc": 12617.3,
       "volume_usd": 102125725.7
    },
    {
       "date": "2018-04-17",
       "open": 8048.93,
       "high": 8162.5,
       "low": 7822,
       "close": 7892.1,
       "volume_btc": 10184.17,
       "volume_usd": 81563611.65
    },
    {
       "date": "2018-04-18",
       "open": 7892.1,
       "high": 8243.99,
       "low": 7879.8,
       "close": 8152.05,
       "volume_btc": 10071,
       "volume_usd": 81308219.64
    },
    {
       "date": "2018-04-19",
       "open": 8152.05,
       "high": 8300,
       "low": 8105,
       "close": 8274,
       "volume_btc": 11199.38,
       "volume_usd": 92034904.14
    },
    {
       "date": "2018-04-20",
       "open": 8274,
       "high": 8932.56,
       "low": 8216.21,
       "close": 8866.27,
       "volume_btc": 14891.29,
       "volume_usd": 126835932.4
    },
    {
       "date": "2018-04-21",
       "open": 8866.27,
       "high": 9038.87,
       "low": 8610.7,
       "close": 8915.42,
       "volume_btc": 11250.01,
       "volume_usd": 99156727.62
    },
    {
       "date": "2018-04-22",
       "open": 8915.42,
       "high": 9015,
       "low": 8754.01,
       "close": 8795.01,
       "volume_btc": 7215.69,
       "volume_usd": 64164105.31
    },
    {
       "date": "2018-04-23",
       "open": 8795.01,
       "high": 8991,
       "low": 8775.1,
       "close": 8931.3,
       "volume_btc": 7780.82,
       "volume_usd": 69214737.03
    },
    {
       "date": "2018-04-24",
       "open": 8931.3,
       "high": 9728.56,
       "low": 8930,
       "close": 9648,
       "volume_btc": 19437.27,
       "volume_usd": 181524168.3
    },
    {
       "date": "2018-04-25",
       "open": 9648,
       "high": 9763.49,
       "low": 8602.43,
       "close": 8865.98,
       "volume_btc": 29386.63,
       "volume_usd": 269894051.2
    },
    {
       "date": "2018-04-26",
       "open": 8865.98,
       "high": 9318,
       "low": 8660,
       "close": 9272.11,
       "volume_btc": 14759.34,
       "volume_usd": 131435230.3
    },
    {
       "date": "2018-04-27",
       "open": 9272.11,
       "high": 9369,
       "low": 8910,
       "close": 8922.55,
       "volume_btc": 11378.78,
       "volume_usd": 104539338.7
    },
    {
       "date": "2018-04-28",
       "open": 8922.55,
       "high": 9440.01,
       "low": 8863.42,
       "close": 9329.99,
       "volume_btc": 8413.13,
       "volume_usd": 77754446.67
    },
    {
       "date": "2018-04-29",
       "open": 9329.99,
       "high": 9512.5,
       "low": 9179.99,
       "close": 9389.01,
       "volume_btc": 7545.14,
       "volume_usd": 70623571.2
    },
    {
       "date": "2018-04-30",
       "open": 9389.01,
       "high": 9446.98,
       "low": 9119,
       "close": 9243.83,
       "volume_btc": 8320.14,
       "volume_usd": 77222420.62
    },
    {
       "date": "2018-05-01",
       "open": 9243.83,
       "high": 9245.37,
       "low": 8831.21,
       "close": 9072.29,
       "volume_btc": 10763.33,
       "volume_usd": 96666932.01
    },
    {
       "date": "2018-05-02",
       "open": 9072.29,
       "high": 9250.04,
       "low": 8990,
       "close": 9190.48,
       "volume_btc": 8212.95,
       "volume_usd": 74933819.79
    },
    {
       "date": "2018-05-03",
       "open": 9190.48,
       "high": 9800,
       "low": 9131,
       "close": 9725.74,
       "volume_btc": 13700.5,
       "volume_usd": 129425309.7
    },
    {
       "date": "2018-05-04",
       "open": 9725.74,
       "high": 9743.87,
       "low": 9465,
       "close": 9685,
       "volume_btc": 10013.2,
       "volume_usd": 96569125.26
    },
    {
       "date": "2018-05-05",
       "open": 9685,
       "high": 9948.12,
       "low": 9660.28,
       "close": 9800,
       "volume_btc": 8827.89,
       "volume_usd": 86787106.26
    },
    {
       "date": "2018-05-06",
       "open": 9800,
       "high": 9880,
       "low": 9390,
       "close": 9600,
       "volume_btc": 7112.87,
       "volume_usd": 68458545.47
    },
    {
       "date": "2018-05-07",
       "open": 9600,
       "high": 9619.55,
       "low": 9162.85,
       "close": 9353,
       "volume_btc": 9317.83,
       "volume_usd": 86959663.38
    },
    {
       "date": "2018-05-08",
       "open": 9353,
       "high": 9463.13,
       "low": 9050,
       "close": 9177.81,
       "volume_btc": 8950.5,
       "volume_usd": 82566086.42
    },
    {
       "date": "2018-05-09",
       "open": 9177.81,
       "high": 9370,
       "low": 8960,
       "close": 9300.08,
       "volume_btc": 8129.59,
       "volume_usd": 74546897.15
    },
    {
       "date": "2018-05-10",
       "open": 9300.08,
       "high": 9386.31,
       "low": 9001.01,
       "close": 9010.51,
       "volume_btc": 7218.76,
       "volume_usd": 66420658.6
    },
    {
       "date": "2018-05-11",
       "open": 9010.51,
       "high": 9010.51,
       "low": 8351,
       "close": 8403.33,
       "volume_btc": 15907.06,
       "volume_usd": 137940903.1
    },
    {
       "date": "2018-05-12",
       "open": 8403.33,
       "high": 8658.57,
       "low": 8223.43,
       "close": 8475,
       "volume_btc": 10792.17,
       "volume_usd": 90952428.28
    },
    {
       "date": "2018-05-13",
       "open": 8475,
       "high": 8774.32,
       "low": 8345,
       "close": 8686.1,
       "volume_btc": 6259.26,
       "volume_usd": 53639665.94
    },
    {
       "date": "2018-05-14",
       "open": 8686.1,
       "high": 8880.01,
       "low": 8289.79,
       "close": 8670,
       "volume_btc": 13418.34,
       "volume_usd": 115748349.8
    },
    {
       "date": "2018-05-15",
       "open": 8670,
       "high": 8847,
       "low": 8420.45,
       "close": 8477.46,
       "volume_btc": 10250.04,
       "volume_usd": 88297355.67
    },
    {
       "date": "2018-05-16",
       "open": 8477.46,
       "high": 8500,
       "low": 8104.99,
       "close": 8344,
       "volume_btc": 9914.22,
       "volume_usd": 81955959.22
    },
    {
       "date": "2018-05-17",
       "open": 8344,
       "high": 8482.01,
       "low": 8001,
       "close": 8059,
       "volume_btc": 7926.38,
       "volume_usd": 65295038.3
    },
    {
       "date": "2018-05-18",
       "open": 8059,
       "high": 8279.63,
       "low": 7927.21,
       "close": 8238.51,
       "volume_btc": 7715.22,
       "volume_usd": 62470941.97
    },
    {
       "date": "2018-05-19",
       "open": 8238.51,
       "high": 8390,
       "low": 8152.54,
       "close": 8235.6,
       "volume_btc": 4117.42,
       "volume_usd": 34005517.03
    },
    {
       "date": "2018-05-20",
       "open": 8235.6,
       "high": 8596.74,
       "low": 8172,
       "close": 8516.86,
       "volume_btc": 4273.42,
       "volume_usd": 35902082.55
    },
    {
       "date": "2018-05-21",
       "open": 8516.86,
       "high": 8584.39,
       "low": 8309.23,
       "close": 8393.44,
       "volume_btc": 4844.48,
       "volume_usd": 40909022.48
    },
    {
       "date": "2018-05-22",
       "open": 8393.44,
       "high": 8400,
       "low": 7950,
       "close": 7987.7,
       "volume_btc": 6589.43,
       "volume_usd": 53897527.48
    },
    {
       "date": "2018-05-23",
       "open": 7987.7,
       "high": 8030,
       "low": 7433.19,
       "close": 7505,
       "volume_btc": 14905.99,
       "volume_usd": 114810431.5
    },
    {
       "date": "2018-05-24",
       "open": 7505,
       "high": 7734.99,
       "low": 7269,
       "close": 7584.15,
       "volume_btc": 11033.72,
       "volume_usd": 82931373.76
    },
    {
       "date": "2018-05-25",
       "open": 7584.15,
       "high": 7661.85,
       "low": 7326.94,
       "close": 7459.11,
       "volume_btc": 8491.93,
       "volume_usd": 63420692.82
    },
    {
       "date": "2018-05-26",
       "open": 7459.11,
       "high": 7640.46,
       "low": 7287.23,
       "close": 7337.95,
       "volume_btc": 4391.64,
       "volume_usd": 32866203.7
    },
    {
       "date": "2018-05-27",
       "open": 7337.95,
       "high": 7392.7,
       "low": 7229.01,
       "close": 7346.64,
       "volume_btc": 4381.6,
       "volume_usd": 31993637.04
    },
    {
       "date": "2018-05-28",
       "open": 7346.64,
       "high": 7444.8,
       "low": 7087,
       "close": 7107.94,
       "volume_btc": 7387.64,
       "volume_usd": 53420746.08
    },
    {
       "date": "2018-05-29",
       "open": 7107.94,
       "high": 7524.99,
       "low": 7058,
       "close": 7460,
       "volume_btc": 10110.69,
       "volume_usd": 73998239.29
    },
    {
       "date": "2018-05-30",
       "open": 7460,
       "high": 7557.78,
       "low": 7272.71,
       "close": 7380.01,
       "volume_btc": 6003.96,
       "volume_usd": 44492636.81
    },
    {
       "date": "2018-05-31",
       "open": 7380.01,
       "high": 7608.99,
       "low": 7340,
       "close": 7485,
       "volume_btc": 5809.56,
       "volume_usd": 43622416.7
    },
    {
       "date": "2018-06-01",
       "open": 7485,
       "high": 7599.99,
       "low": 7351.01,
       "close": 7514.32,
       "volume_btc": 6726.93,
       "volume_usd": 50201757.77
    },
    {
       "date": "2018-06-02",
       "open": 7514.32,
       "high": 7697.09,
       "low": 7440,
       "close": 7636.42,
       "volume_btc": 4702.68,
       "volume_usd": 35749666.62
    },
    {
       "date": "2018-06-03",
       "open": 7636.42,
       "high": 7777,
       "low": 7583.24,
       "close": 7706.37,
       "volume_btc": 4706.08,
       "volume_usd": 36217683.05
    },
    {
       "date": "2018-06-04",
       "open": 7706.37,
       "high": 7747.57,
       "low": 7447.61,
       "close": 7487.37,
       "volume_btc": 5644.33,
       "volume_usd": 42594288.27
    },
    {
       "date": "2018-06-05",
       "open": 7487.37,
       "high": 7677.5,
       "low": 7355,
       "close": 7612.51,
       "volume_btc": 5599.22,
       "volume_usd": 42039709.41
    },
    {
       "date": "2018-06-06",
       "open": 7612.51,
       "high": 7691,
       "low": 7484,
       "close": 7655,
       "volume_btc": 5566.79,
       "volume_usd": 42305009.7
    },
    {
       "date": "2018-06-07",
       "open": 7655,
       "high": 7747,
       "low": 7635,
       "close": 7684.93,
       "volume_btc": 4978.29,
       "volume_usd": 38285664.53
    },
    {
       "date": "2018-06-08",
       "open": 7684.93,
       "high": 7690,
       "low": 7536.58,
       "close": 7618.8,
       "volume_btc": 3898.49,
       "volume_usd": 29714138.4
    },
    {
       "date": "2018-06-09",
       "open": 7618.8,
       "high": 7679.61,
       "low": 7468,
       "close": 7496.4,
       "volume_btc": 2591.37,
       "volume_usd": 19705723.85
    },
    {
       "date": "2018-06-10",
       "open": 7496.4,
       "high": 7496.41,
       "low": 6652,
       "close": 6770.31,
       "volume_btc": 17537.54,
       "volume_usd": 121672118.3
    },
    {
       "date": "2018-06-11",
       "open": 6770.31,
       "high": 6913.83,
       "low": 6666.66,
       "close": 6881,
       "volume_btc": 11514.71,
       "volume_usd": 77860066.29
    },
    {
       "date": "2018-06-12",
       "open": 6881,
       "high": 6885.84,
       "low": 6450,
       "close": 6544.99,
       "volume_btc": 10182.01,
       "volume_usd": 67843714.24
    },
    {
       "date": "2018-06-13",
       "open": 6544.99,
       "high": 6618.95,
       "low": 6135,
       "close": 6302.32,
       "volume_btc": 16938.07,
       "volume_usd": 107919670.4
    },
    {
       "date": "2018-06-14",
       "open": 6302.32,
       "high": 6749.99,
       "low": 6269,
       "close": 6638.49,
       "volume_btc": 14198.23,
       "volume_usd": 92330049.17
    },
    {
       "date": "2018-06-15",
       "open": 6638.49,
       "high": 6659.99,
       "low": 6370,
       "close": 6391.22,
       "volume_btc": 6903.72,
       "volume_usd": 45121373.39
    },
    {
       "date": "2018-06-16",
       "open": 6391.22,
       "high": 6549.99,
       "low": 6330,
       "close": 6484.29,
       "volume_btc": 4442.03,
       "volume_usd": 28678398.29
    },
    {
       "date": "2018-06-17",
       "open": 6484.29,
       "high": 6570.01,
       "low": 6428.14,
       "close": 6447.16,
       "volume_btc": 3250.28,
       "volume_usd": 21122998.53
    },
    {
       "date": "2018-06-18",
       "open": 6447.16,
       "high": 6795,
       "low": 6385,
       "close": 6709.02,
       "volume_btc": 7725.85,
       "volume_usd": 50862772.08
    },
    {
       "date": "2018-06-19",
       "open": 6709.02,
       "high": 6829.06,
       "low": 6670.01,
       "close": 6736.41,
       "volume_btc": 6092.32,
       "volume_usd": 40990235.23
    },
    {
       "date": "2018-06-20",
       "open": 6736.41,
       "high": 6817,
       "low": 6557.66,
       "close": 6756.1,
       "volume_btc": 6488.5,
       "volume_usd": 43427008.47
    },
    {
       "date": "2018-06-21",
       "open": 6756.1,
       "high": 6787,
       "low": 6682.3,
       "close": 6719.01,
       "volume_btc": 4182.1,
       "volume_usd": 28146891.35
    },
    {
       "date": "2018-06-22",
       "open": 6719.01,
       "high": 6725,
       "low": 5921.21,
       "close": 6059.82,
       "volume_btc": 16911.16,
       "volume_usd": 105561912.6
    },
    {
       "date": "2018-06-23",
       "open": 6059.82,
       "high": 6250,
       "low": 6040.01,
       "close": 6178.29,
       "volume_btc": 5908.17,
       "volume_usd": 36244141.37
    },
    {
       "date": "2018-06-24",
       "open": 6178.29,
       "high": 6255.8,
       "low": 5777,
       "close": 6149.99,
       "volume_btc": 12695.65,
       "volume_usd": 76443754.14
    },
    {
       "date": "2018-06-25",
       "open": 6149.99,
       "high": 6340.01,
       "low": 6070.13,
       "close": 6246.01,
       "volume_btc": 8807.46,
       "volume_usd": 54715582.75
    },
    {
       "date": "2018-06-26",
       "open": 6246.01,
       "high": 6271,
       "low": 6024.99,
       "close": 6074.94,
       "volume_btc": 6253.3,
       "volume_usd": 38645723.81
    },
    {
       "date": "2018-06-27",
       "open": 6074.94,
       "high": 6175.43,
       "low": 5984.11,
       "close": 6132.17,
       "volume_btc": 6792.7,
       "volume_usd": 41399520.28
    },
    {
       "date": "2018-06-28",
       "open": 6132.17,
       "high": 6161.47,
       "low": 5818,
       "close": 5851.66,
       "volume_btc": 7418.41,
       "volume_usd": 44664591.84
    },
    {
       "date": "2018-06-29",
       "open": 5851.66,
       "high": 6300,
       "low": 5790.01,
       "close": 6202.36,
       "volume_btc": 10629.32,
       "volume_usd": 63391179.25
    },
    {
       "date": "2018-06-30",
       "open": 6202.36,
       "high": 6520.15,
       "low": 6185,
       "close": 6383.19,
       "volume_btc": 6547.95,
       "volume_usd": 41740609.64
    },
    {
       "date": "2018-07-01",
       "open": 6383.19,
       "high": 6424.14,
       "low": 6256.76,
       "close": 6349.5,
       "volume_btc": 3880.62,
       "volume_usd": 24628052.11
    },
    {
       "date": "2018-07-02",
       "open": 6349.5,
       "high": 6669.99,
       "low": 6270.01,
       "close": 6611.79,
       "volume_btc": 8121.3,
       "volume_usd": 53027923.04
    },
    {
       "date": "2018-07-03",
       "open": 6611.79,
       "high": 6673.99,
       "low": 6465,
       "close": 6502.62,
       "volume_btc": 6352.02,
       "volume_usd": 41823454.57
    },
    {
       "date": "2018-07-04",
       "open": 6502.62,
       "high": 6794.99,
       "low": 6411.51,
       "close": 6587.47,
       "volume_btc": 6542.58,
       "volume_usd": 43252522.96
    },
    {
       "date": "2018-07-05",
       "open": 6587.47,
       "high": 6700,
       "low": 6449.5,
       "close": 6532.95,
       "volume_btc": 6719.91,
       "volume_usd": 44183353.29
    },
    {
       "date": "2018-07-06",
       "open": 6532.95,
       "high": 6639,
       "low": 6452.2,
       "close": 6600,
       "volume_btc": 4997.83,
       "volume_usd": 32760665.2
    },
    {
       "date": "2018-07-07",
       "open": 6600,
       "high": 6843.26,
       "low": 6512,
       "close": 6753.28,
       "volume_btc": 4201.2,
       "volume_usd": 27817256.98
    },
    {
       "date": "2018-07-08",
       "open": 6753.28,
       "high": 6778.31,
       "low": 6671,
       "close": 6701.97,
       "volume_btc": 3126.09,
       "volume_usd": 21059821.76
    },
    {
       "date": "2018-07-09",
       "open": 6701.97,
       "high": 6815.82,
       "low": 6625,
       "close": 6664.01,
       "volume_btc": 5072.92,
       "volume_usd": 34007270.21
    },
    {
       "date": "2018-07-10",
       "open": 6664.01,
       "high": 6679.47,
       "low": 6279,
       "close": 6303.7,
       "volume_btc": 7603.87,
       "volume_usd": 48994686.81
    },
    {
       "date": "2018-07-11",
       "open": 6303.7,
       "high": 6400,
       "low": 6281.01,
       "close": 6390.04,
       "volume_btc": 4926.29,
       "volume_usd": 31309175
    },
    {
       "date": "2018-07-12",
       "open": 6390.04,
       "high": 6390.04,
       "low": 6075.01,
       "close": 6249.75,
       "volume_btc": 8810.27,
       "volume_usd": 54928554.52
    },
    {
       "date": "2018-07-13",
       "open": 6249.75,
       "high": 6335.09,
       "low": 6121.53,
       "close": 6216.29,
       "volume_btc": 5827.07,
       "volume_usd": 36331369.65
    },
    {
       "date": "2018-07-14",
       "open": 6216.29,
       "high": 6323.68,
       "low": 6187,
       "close": 6248.65,
       "volume_btc": 2934.25,
       "volume_usd": 18320211.43
    },
    {
       "date": "2018-07-15",
       "open": 6248.65,
       "high": 6385.35,
       "low": 6233.26,
       "close": 6348.73,
       "volume_btc": 3669.02,
       "volume_usd": 23230467.01
    },
    {
       "date": "2018-07-16",
       "open": 6348.73,
       "high": 6750,
       "low": 6330.3,
       "close": 6728.81,
       "volume_btc": 8828.08,
       "volume_usd": 58194902.32
    },
    {
       "date": "2018-07-17",
       "open": 6728.81,
       "high": 7472.5,
       "low": 6663.51,
       "close": 7315.01,
       "volume_btc": 15108.63,
       "volume_usd": 107004977.1
    },
    {
       "date": "2018-07-18",
       "open": 7315.01,
       "high": 7584.85,
       "low": 7229.89,
       "close": 7378.99,
       "volume_btc": 15273.11,
       "volume_usd": 113266571.1
    },
    {
       "date": "2018-07-19",
       "open": 7378.99,
       "high": 7563.81,
       "low": 7281.42,
       "close": 7470.01,
       "volume_btc": 9683.79,
       "volume_usd": 71815627.59
    },
    {
       "date": "2018-07-20",
       "open": 7470.01,
       "high": 7687,
       "low": 7259.76,
       "close": 7334.46,
       "volume_btc": 9846.56,
       "volume_usd": 73047752.52
    },
    {
       "date": "2018-07-21",
       "open": 7334.46,
       "high": 7444.77,
       "low": 7204.32,
       "close": 7408,
       "volume_btc": 4853.63,
       "volume_usd": 35580481.69
    },
    {
       "date": "2018-07-22",
       "open": 7408,
       "high": 7569.69,
       "low": 7327.75,
       "close": 7397.8,
       "volume_btc": 5353.75,
       "volume_usd": 39868036.18
    },
    {
       "date": "2018-07-23",
       "open": 7397.8,
       "high": 7809,
       "low": 7378.26,
       "close": 7720.09,
       "volume_btc": 12070.76,
       "volume_usd": 92801603.09
    },
    {
       "date": "2018-07-24",
       "open": 7720.09,
       "high": 8488,
       "low": 7695.99,
       "close": 8401.01,
       "volume_btc": 18923.85,
       "volume_usd": 153677129.7
    },
    {
       "date": "2018-07-25",
       "open": 8401.01,
       "high": 8482.84,
       "low": 8042,
       "close": 8157.15,
       "volume_btc": 13863.11,
       "volume_usd": 114146044
    },
    {
       "date": "2018-07-26",
       "open": 8157.15,
       "high": 8290,
       "low": 7840,
       "close": 7931.99,
       "volume_btc": 11202.08,
       "volume_usd": 90818534.46
    },
    {
       "date": "2018-07-27",
       "open": 7931.99,
       "high": 8276.55,
       "low": 7787.29,
       "close": 8184.21,
       "volume_btc": 11584.49,
       "volume_usd": 93237668.65
    },
    {
       "date": "2018-07-28",
       "open": 8184.21,
       "high": 8230,
       "low": 8065,
       "close": 8228.9,
       "volume_btc": 3991.58,
       "volume_usd": 32614428.43
    },
    {
       "date": "2018-07-29",
       "open": 8228.9,
       "high": 8289.96,
       "low": 8127.87,
       "close": 8216.34,
       "volume_btc": 4059.13,
       "volume_usd": 33351348.24
    },
    {
       "date": "2018-07-30",
       "open": 8216.34,
       "high": 8274.92,
       "low": 7850,
       "close": 8170.01,
       "volume_btc": 9821.99,
       "volume_usd": 79392659.29
    },
    {
       "date": "2018-07-31",
       "open": 8170.01,
       "high": 8173.57,
       "low": 7634.22,
       "close": 7727.27,
       "volume_btc": 12000.2,
       "volume_usd": 93911260.29
    },
    {
       "date": "2018-08-01",
       "open": 7727.27,
       "high": 7750,
       "low": 7440.01,
       "close": 7603.99,
       "volume_btc": 10921.59,
       "volume_usd": 82623838.46
    },
    {
       "date": "2018-08-02",
       "open": 7603.99,
       "high": 7707.54,
       "low": 7462,
       "close": 7533.92,
       "volume_btc": 6722.46,
       "volume_usd": 50931754.41
    },
    {
       "date": "2018-08-03",
       "open": 7533.92,
       "high": 7538.53,
       "low": 7285,
       "close": 7414.08,
       "volume_btc": 10475.08,
       "volume_usd": 77574038.63
    },
    {
       "date": "2018-08-04",
       "open": 7414.08,
       "high": 7495,
       "low": 6940,
       "close": 7005,
       "volume_btc": 9218.69,
       "volume_usd": 65775392.46
    },
    {
       "date": "2018-08-05",
       "open": 7005,
       "high": 7086.52,
       "low": 6880,
       "close": 7030.01,
       "volume_btc": 6104.64,
       "volume_usd": 42664283.17
    },
    {
       "date": "2018-08-06",
       "open": 7030.01,
       "high": 7163,
       "low": 6840.06,
       "close": 6938,
       "volume_btc": 8425.87,
       "volume_usd": 58826812.92
    },
    {
       "date": "2018-08-07",
       "open": 6938,
       "high": 7152,
       "low": 6650,
       "close": 6718.22,
       "volume_btc": 10429.16,
       "volume_usd": 72216177.79
    },
    {
       "date": "2018-08-08",
       "open": 6718.22,
       "high": 6718.22,
       "low": 6121.04,
       "close": 6282.5,
       "volume_btc": 21222.61,
       "volume_usd": 135716565.2
    },
    {
       "date": "2018-08-09",
       "open": 6282.5,
       "high": 6633.21,
       "low": 6177.51,
       "close": 6546.46,
       "volume_btc": 13627.25,
       "volume_usd": 87452203.34
    },
    {
       "date": "2018-08-10",
       "open": 6546.46,
       "high": 6584.8,
       "low": 6015,
       "close": 6146.01,
       "volume_btc": 7740.13,
       "volume_usd": 48242242.25
    },
    {
       "date": "2018-08-11",
       "open": 6146.01,
       "high": 6190,
       "low": 6003,
       "close": 6112.21,
       "volume_btc": 4021.81,
       "volume_usd": 24551752.98
    },
    {
       "date": "2018-08-12",
       "open": 6112.21,
       "high": 6112.21,
       "low": 6112.21,
       "close": 6112.21,
       "volume_btc": 0,
       "volume_usd": 0
    },
    {
       "date": "2018-08-13",
       "open": 6316.01,
       "high": 6544.99,
       "low": 6143,
       "close": 6253.67,
       "volume_btc": 10179.58,
       "volume_usd": 64323059.55
    },
    {
       "date": "2018-08-14",
       "open": 6253.67,
       "high": 6258.32,
       "low": 5900,
       "close": 6195.01,
       "volume_btc": 17119.88,
       "volume_usd": 103854359.8
    },
    {
       "date": "2018-08-15",
       "open": 6195.01,
       "high": 6636,
       "low": 6189,
       "close": 6269.01,
       "volume_btc": 16811.85,
       "volume_usd": 107546758.9
    },
    {
       "date": "2018-08-16",
       "open": 6269.01,
       "high": 6475.01,
       "low": 6200,
       "close": 6315.9,
       "volume_btc": 8799.16,
       "volume_usd": 55858562
    },
    {
       "date": "2018-08-17",
       "open": 6315.9,
       "high": 6585.5,
       "low": 6290.39,
       "close": 6585.49,
       "volume_btc": 10578.77,
       "volume_usd": 68564601.79
    },
    {
       "date": "2018-08-18",
       "open": 6585.49,
       "high": 6613.23,
       "low": 6312,
       "close": 6396.64,
       "volume_btc": 6669.64,
       "volume_usd": 43017147.41
    },
    {
       "date": "2018-08-19",
       "open": 6396.64,
       "high": 6547.34,
       "low": 6328.45,
       "close": 6489.53,
       "volume_btc": 4432.89,
       "volume_usd": 28490268.61
    },
    {
       "date": "2018-08-20",
       "open": 6489.53,
       "high": 6525,
       "low": 6227.71,
       "close": 6258.74,
       "volume_btc": 7448.29,
       "volume_usd": 47749934.79
    },
    {
       "date": "2018-08-21",
       "open": 6258.74,
       "high": 6490,
       "low": 6249.12,
       "close": 6475.9,
       "volume_btc": 6584.39,
       "volume_usd": 42145909.64
    },
    {
       "date": "2018-08-22",
       "open": 6475.9,
       "high": 6890.65,
       "low": 6250,
       "close": 6359.99,
       "volume_btc": 15930.31,
       "volume_usd": 104341943.7
    },
    {
       "date": "2018-08-23",
       "open": 6359.99,
       "high": 6568.37,
       "low": 6348.69,
       "close": 6526.36,
       "volume_btc": 6856.61,
       "volume_usd": 44170875
    },
    {
       "date": "2018-08-24",
       "open": 6526.36,
       "high": 6719,
       "low": 6451.55,
       "close": 6690.88,
       "volume_btc": 7223.8,
       "volume_usd": 47501021.18
    },
    {
       "date": "2018-08-25",
       "open": 6690.88,
       "high": 6790,
       "low": 6668,
       "close": 6737.52,
       "volume_btc": 4761.32,
       "volume_usd": 32019192.31
    },
    {
       "date": "2018-08-26",
       "open": 6737.52,
       "high": 6773,
       "low": 6574.27,
       "close": 6709.98,
       "volume_btc": 4641.17,
       "volume_usd": 30988635.87
    },
    {
       "date": "2018-08-27",
       "open": 6709.98,
       "high": 6947.6,
       "low": 6654.13,
       "close": 6911.9,
       "volume_btc": 6994.99,
       "volume_usd": 47234694.38
    },
    {
       "date": "2018-08-28",
       "open": 6911.9,
       "high": 7128,
       "low": 6864.96,
       "close": 7071.01,
       "volume_btc": 11482.31,
       "volume_usd": 80511149.84
    },
    {
       "date": "2018-08-29",
       "open": 7071.01,
       "high": 7119,
       "low": 6907.42,
       "close": 7030.9,
       "volume_btc": 7424.03,
       "volume_usd": 52174844.41
    },
    {
       "date": "2018-08-30",
       "open": 7030.9,
       "high": 7048.66,
       "low": 6790,
       "close": 6983,
       "volume_btc": 7910.9,
       "volume_usd": 54632215.36
    },
    {
       "date": "2018-08-31",
       "open": 6983,
       "high": 7090.46,
       "low": 6884.49,
       "close": 7015.01,
       "volume_btc": 7685.76,
       "volume_usd": 53748713.61
    },
    {
       "date": "2018-09-01",
       "open": 7015.01,
       "high": 7275,
       "low": 7010.98,
       "close": 7191.08,
       "volume_btc": 5978.49,
       "volume_usd": 42717080.73
    },
    {
       "date": "2018-09-02",
       "open": 7191.08,
       "high": 7328.36,
       "low": 7130.01,
       "close": 7295,
       "volume_btc": 5648.04,
       "volume_usd": 40927690.96
    },
    {
       "date": "2018-09-03",
       "open": 7295,
       "high": 7338,
       "low": 7192.99,
       "close": 7256.98,
       "volume_btc": 5857.14,
       "volume_usd": 42567231.9
    },
    {
       "date": "2018-09-04",
       "open": 7256.98,
       "high": 7402.5,
       "low": 7229.94,
       "close": 7360,
       "volume_btc": 7717.62,
       "volume_usd": 56629839.78
    },
    {
       "date": "2018-09-05",
       "open": 7360,
       "high": 7384,
       "low": 6664.07,
       "close": 6687.96,
       "volume_btc": 14914.63,
       "volume_usd": 104385125.2
    },
    {
       "date": "2018-09-06",
       "open": 6687.96,
       "high": 6703.73,
       "low": 6272.73,
       "close": 6495,
       "volume_btc": 17927.95,
       "volume_usd": 115051402
    },
    {
       "date": "2018-09-07",
       "open": 6495,
       "high": 6530,
       "low": 6325,
       "close": 6395.01,
       "volume_btc": 8126.97,
       "volume_usd": 52306103.71
    },
    {
       "date": "2018-09-08",
       "open": 6395.01,
       "high": 6460,
       "low": 6116,
       "close": 6188,
       "volume_btc": 6748.54,
       "volume_usd": 42370156.36
    },
    {
       "date": "2018-09-09",
       "open": 6188,
       "high": 6450,
       "low": 6147,
       "close": 6235.01,
       "volume_btc": 5936.9,
       "volume_usd": 37341591.59
    },
    {
       "date": "2018-09-10",
       "open": 6235.01,
       "high": 6375.13,
       "low": 6221.49,
       "close": 6299.99,
       "volume_btc": 6841.81,
       "volume_usd": 43020287.34
    },
    {
       "date": "2018-09-11",
       "open": 6299.99,
       "high": 6405,
       "low": 6176.76,
       "close": 6282.53,
       "volume_btc": 7223.25,
       "volume_usd": 45346177.73
    },
    {
       "date": "2018-09-12",
       "open": 6282.53,
       "high": 6340.94,
       "low": 6194.88,
       "close": 6326,
       "volume_btc": 7259.91,
       "volume_usd": 45544454.52
    },
    {
       "date": "2018-09-13",
       "open": 6326,
       "high": 6530,
       "low": 6323.65,
       "close": 6485.99,
       "volume_btc": 9327.54,
       "volume_usd": 60165545.77
    },
    {
       "date": "2018-09-14",
       "open": 6485.99,
       "high": 6580,
       "low": 6378.05,
       "close": 6478.04,
       "volume_btc": 7312.68,
       "volume_usd": 47509635.88
    },
    {
       "date": "2018-09-15",
       "open": 6478.04,
       "high": 6565,
       "low": 6470,
       "close": 6518.68,
       "volume_btc": 3344.58,
       "volume_usd": 21811302.81
    },
    {
       "date": "2018-09-16",
       "open": 6518.68,
       "high": 6521.75,
       "low": 6324.9,
       "close": 6498,
       "volume_btc": 3191.64,
       "volume_usd": 20649801.91
    },
    {
       "date": "2018-09-17",
       "open": 6498,
       "high": 6529.75,
       "low": 6207.55,
       "close": 6250.7,
       "volume_btc": 8901.88,
       "volume_usd": 56553438.08
    },
    {
       "date": "2018-09-18",
       "open": 6250.7,
       "high": 6384.04,
       "low": 6228,
       "close": 6335.7,
       "volume_btc": 6009.83,
       "volume_usd": 37901046.74
    },
    {
       "date": "2018-09-19",
       "open": 6335.7,
       "high": 6511,
       "low": 6106.37,
       "close": 6386.94,
       "volume_btc": 9736.67,
       "volume_usd": 61712813
    },
    {
       "date": "2018-09-20",
       "open": 6386.94,
       "high": 6530,
       "low": 6337,
       "close": 6493.11,
       "volume_btc": 6573.75,
       "volume_usd": 42236058.52
    },
    {
       "date": "2018-09-21",
       "open": 6493.11,
       "high": 6777.1,
       "low": 6492.5,
       "close": 6750,
       "volume_btc": 10972.56,
       "volume_usd": 73208617.45
    },
    {
       "date": "2018-09-22",
       "open": 6750,
       "high": 6823,
       "low": 6628.01,
       "close": 6707.33,
       "volume_btc": 5114.24,
       "volume_usd": 34363292.87
    },
    {
       "date": "2018-09-23",
       "open": 6707.33,
       "high": 6777,
       "low": 6660.05,
       "close": 6696.99,
       "volume_btc": 3403.22,
       "volume_usd": 22806982.88
    },
    {
       "date": "2018-09-24",
       "open": 6696.99,
       "high": 6716.16,
       "low": 6555.99,
       "close": 6582.09,
       "volume_btc": 5245.81,
       "volume_usd": 34758698.5
    },
    {
       "date": "2018-09-25",
       "open": 6582.09,
       "high": 6582.1,
       "low": 6320.5,
       "close": 6436.89,
       "volume_btc": 8918.53,
       "volume_usd": 57200568.82
    },
    {
       "date": "2018-09-26",
       "open": 6436.89,
       "high": 6537.26,
       "low": 6380.62,
       "close": 6455.66,
       "volume_btc": 5767.65,
       "volume_usd": 37350373.43
    },
    {
       "date": "2018-09-27",
       "open": 6455.66,
       "high": 6734.78,
       "low": 6430,
       "close": 6680.01,
       "volume_btc": 7629.43,
       "volume_usd": 50049900.06
    },
    {
       "date": "2018-09-28",
       "open": 6680.01,
       "high": 6786.73,
       "low": 6528.13,
       "close": 6620.01,
       "volume_btc": 8630.93,
       "volume_usd": 57429631.92
    },
    {
       "date": "2018-09-29",
       "open": 6620.01,
       "high": 6620.01,
       "low": 6452.02,
       "close": 6582,
       "volume_btc": 4164.89,
       "volume_usd": 27236990.33
    },
    {
       "date": "2018-09-30",
       "open": 6582,
       "high": 6640.37,
       "low": 6523,
       "close": 6605,
       "volume_btc": 3604.16,
       "volume_usd": 23739483.01
    },
    {
       "date": "2018-10-01",
       "open": 6605,
       "high": 6639.33,
       "low": 6479.03,
       "close": 6572.83,
       "volume_btc": 6869.97,
       "volume_usd": 45113832.24
    },
    {
       "date": "2018-10-02",
       "open": 6572.83,
       "high": 6591.37,
       "low": 6452,
       "close": 6498.46,
       "volume_btc": 5283.88,
       "volume_usd": 34517949.11
    },
    {
       "date": "2018-10-03",
       "open": 6498.46,
       "high": 6507.95,
       "low": 6398.96,
       "close": 6466.03,
       "volume_btc": 6017.6,
       "volume_usd": 38792994.29
    },
    {
       "date": "2018-10-04",
       "open": 6466.03,
       "high": 6603.01,
       "low": 6455,
       "close": 6547.45,
       "volume_btc": 6292.98,
       "volume_usd": 41231044.84
    },
    {
       "date": "2018-10-05",
       "open": 6547.45,
       "high": 6641,
       "low": 6512.81,
       "close": 6593.94,
       "volume_btc": 4973.4,
       "volume_usd": 32597736.43
    },
    {
       "date": "2018-10-06",
       "open": 6593.94,
       "high": 6594.39,
       "low": 6536,
       "close": 6552.43,
       "volume_btc": 2686.64,
       "volume_usd": 17617374.75
    },
    {
       "date": "2018-10-07",
       "open": 6552.43,
       "high": 6585.01,
       "low": 6491.81,
       "close": 6570,
       "volume_btc": 2572.74,
       "volume_usd": 16824366.84
    },
    {
       "date": "2018-10-08",
       "open": 6570,
       "high": 6681.19,
       "low": 6545.63,
       "close": 6608.07,
       "volume_btc": 5158.8,
       "volume_usd": 34066647.32
    },
    {
       "date": "2018-10-09",
       "open": 6608.07,
       "high": 6612.86,
       "low": 6552.5,
       "close": 6589.48,
       "volume_btc": 4424.22,
       "volume_usd": 29122947.04
    },
    {
       "date": "2018-10-10",
       "open": 6589.48,
       "high": 6591.32,
       "low": 6445.48,
       "close": 6524.56,
       "volume_btc": 5989.36,
       "volume_usd": 39043016.27
    },
    {
       "date": "2018-10-11",
       "open": 6524.56,
       "high": 6524.56,
       "low": 6033.34,
       "close": 6154.69,
       "volume_btc": 18769.33,
       "volume_usd": 116335608.9
    },
    {
       "date": "2018-10-12",
       "open": 6154.69,
       "high": 6235.2,
       "low": 6111.97,
       "close": 6188.01,
       "volume_btc": 5412.96,
       "volume_usd": 33554630.61
    },
    {
       "date": "2018-10-13",
       "open": 6188.01,
       "high": 6212,
       "low": 6178,
       "close": 6196,
       "volume_btc": 3722.67,
       "volume_usd": 23074416.97
    },
    {
       "date": "2018-10-14",
       "open": 6196,
       "high": 6288.36,
       "low": 6151,
       "close": 6183.49,
       "volume_btc": 3657.22,
       "volume_usd": 22764662.69
    },
    {
       "date": "2018-10-15",
       "open": 6183.49,
       "high": 6810,
       "low": 6151.58,
       "close": 6436.98,
       "volume_btc": 19798.42,
       "volume_usd": 127886000
    },
    {
       "date": "2018-10-16",
       "open": 6436.98,
       "high": 6436.98,
       "low": 6422.16,
       "close": 6422.16,
       "volume_btc": 0,
       "volume_usd": 0
    },
    {
       "date": "2018-10-17",
       "open": 6457.11,
       "high": 6459.99,
       "low": 6411.19,
       "close": 6443.7,
       "volume_btc": 5281.04,
       "volume_usd": 34000548.91
    },
    {
       "date": "2018-10-18",
       "open": 6443.7,
       "high": 6489.83,
       "low": 6355,
       "close": 6394.96,
       "volume_btc": 6821.25,
       "volume_usd": 43810348.18
    },
    {
       "date": "2018-10-19",
       "open": 6394.96,
       "high": 6409.61,
       "low": 6355,
       "close": 6382.98,
       "volume_btc": 3708.25,
       "volume_usd": 23677548.56
    },
    {
       "date": "2018-10-20",
       "open": 6382.98,
       "high": 6420,
       "low": 6369.32,
       "close": 6414,
       "volume_btc": 3359.42,
       "volume_usd": 21491758.94
    },
    {
       "date": "2018-10-21",
       "open": 6414,
       "high": 6452.87,
       "low": 6405.57,
       "close": 6415.88,
       "volume_btc": 2497.64,
       "volume_usd": 16065758
    },
    {
       "date": "2018-10-22",
       "open": 6415.88,
       "high": 6427.63,
       "low": 6377.77,
       "close": 6407.65,
       "volume_btc": 3827.53,
       "volume_usd": 24503622.77
    },
    {
       "date": "2018-10-23",
       "open": 6407.65,
       "high": 6411.5,
       "low": 6360,
       "close": 6395.14,
       "volume_btc": 3884.63,
       "volume_usd": 24836419.59
    },
    {
       "date": "2018-10-24",
       "open": 6395.14,
       "high": 6470.99,
       "low": 6395.13,
       "close": 6415.97,
       "volume_btc": 5001.03,
       "volume_usd": 32142825.41
    },
    {
       "date": "2018-10-25",
       "open": 6415.97,
       "high": 6422,
       "low": 6379.74,
       "close": 6395.58,
       "volume_btc": 3446.96,
       "volume_usd": 22061255.74
    },
    {
       "date": "2018-10-26",
       "open": 6395.58,
       "high": 6450,
       "low": 6383.54,
       "close": 6404.87,
       "volume_btc": 3923.84,
       "volume_usd": 25128261.16
    },
    {
       "date": "2018-10-27",
       "open": 6404.87,
       "high": 6421.76,
       "low": 6390,
       "close": 6409.12,
       "volume_btc": 2264.63,
       "volume_usd": 14506617
    },
    {
       "date": "2018-10-28",
       "open": 6409.12,
       "high": 6415,
       "low": 6380.01,
       "close": 6403.62,
       "volume_btc": 2032.02,
       "volume_usd": 13008844.83
    },
    {
       "date": "2018-10-29",
       "open": 6403.62,
       "high": 6414.99,
       "low": 6211,
       "close": 6266,
       "volume_btc": 6219.19,
       "volume_usd": 39182076.98
    },
    {
       "date": "2018-10-30",
       "open": 6266,
       "high": 6289,
       "low": 6240.54,
       "close": 6267.63,
       "volume_btc": 4018.99,
       "volume_usd": 25168516.72
    },
    {
       "date": "2018-10-31",
       "open": 6267.63,
       "high": 6353.24,
       "low": 6203.72,
       "close": 6304.18,
       "volume_btc": 5061.85,
       "volume_usd": 31788070.1
    },
    {
       "date": "2018-11-01",
       "open": 6304.18,
       "high": 6360,
       "low": 6293.44,
       "close": 6343.99,
       "volume_btc": 4395.73,
       "volume_usd": 27752840.56
    },
    {
       "date": "2018-11-02",
       "open": 6343.99,
       "high": 6378.77,
       "low": 6333.94,
       "close": 6349.8,
       "volume_btc": 4003.06,
       "volume_usd": 25439682.42
    },
    {
       "date": "2018-11-03",
       "open": 6349.8,
       "high": 6351.7,
       "low": 6315.91,
       "close": 6331.96,
       "volume_btc": 2490.79,
       "volume_usd": 15776821.86
    },
    {
       "date": "2018-11-04",
       "open": 6331.96,
       "high": 6464.15,
       "low": 6314.82,
       "close": 6423.28,
       "volume_btc": 3785.22,
       "volume_usd": 24180829.93
    },
    {
       "date": "2018-11-05",
       "open": 6423.28,
       "high": 6439.99,
       "low": 6372,
       "close": 6404,
       "volume_btc": 3878.2,
       "volume_usd": 24833457.37
    },
    {
       "date": "2018-11-06",
       "open": 6404,
       "high": 6449.65,
       "low": 6387.82,
       "close": 6448.5,
       "volume_btc": 5257.68,
       "volume_usd": 33746528.33
    },
    {
       "date": "2018-11-07",
       "open": 6448.5,
       "high": 6540,
       "low": 6448.5,
       "close": 6503.12,
       "volume_btc": 5541,
       "volume_usd": 36042976.55
    },
    {
       "date": "2018-11-08",
       "open": 6503.12,
       "high": 6511.88,
       "low": 6391.99,
       "close": 6406.25,
       "volume_btc": 4929.29,
       "volume_usd": 31768725.31
    },
    {
       "date": "2018-11-09",
       "open": 6406.25,
       "high": 6415,
       "low": 6309.45,
       "close": 6334.89,
       "volume_btc": 4377.42,
       "volume_usd": 27842689.28
    },
    {
       "date": "2018-11-10",
       "open": 6334.89,
       "high": 6374,
       "low": 6327.46,
       "close": 6347.42,
       "volume_btc": 2366.56,
       "volume_usd": 15041644.97
    },
    {
       "date": "2018-11-11",
       "open": 6347.42,
       "high": 6360,
       "low": 6271.15,
       "close": 6357.6,
       "volume_btc": 2262.05,
       "volume_usd": 14319132.69
    },
    {
       "date": "2018-11-12",
       "open": 6357.6,
       "high": 6383.59,
       "low": 6305.95,
       "close": 6327.86,
       "volume_btc": 3498.83,
       "volume_usd": 22197659.45
    },
    {
       "date": "2018-11-13",
       "open": 6327.86,
       "high": 6328.22,
       "low": 6252.5,
       "close": 6259.35,
       "volume_btc": 4465.43,
       "volume_usd": 28083621.57
    },
    {
       "date": "2018-11-14",
       "open": 6259.35,
       "high": 6293.38,
       "low": 5281.01,
       "close": 5605.46,
       "volume_btc": 28948.74,
       "volume_usd": 165304900.1
    },
    {
       "date": "2018-11-15",
       "open": 5605.46,
       "high": 5645,
       "low": 5190,
       "close": 5579.52,
       "volume_btc": 20850.3,
       "volume_usd": 114060256
    },
    {
       "date": "2018-11-16",
       "open": 5579.52,
       "high": 5609.91,
       "low": 5410,
       "close": 5512.24,
       "volume_btc": 8839.08,
       "volume_usd": 48837088.75
    },
    {
       "date": "2018-11-17",
       "open": 5512.24,
       "high": 5544,
       "low": 5450.84,
       "close": 5504.17,
       "volume_btc": 4672.7,
       "volume_usd": 25633309.6
    },
    {
       "date": "2018-11-18",
       "open": 5504.17,
       "high": 5665,
       "low": 5503.34,
       "close": 5560,
       "volume_btc": 4599.14,
       "volume_usd": 25514015.42
    },
    {
       "date": "2018-11-19",
       "open": 5560,
       "high": 5560,
       "low": 4670.63,
       "close": 4733.5,
       "volume_btc": 36133.96,
       "volume_usd": 183124118.8
    },
    {
       "date": "2018-11-20",
       "open": 4733.5,
       "high": 4889,
       "low": 4035,
       "close": 4349.23,
       "volume_btc": 61797.01,
       "volume_usd": 275875686.2
    },
    {
       "date": "2018-11-21",
       "open": 4349.23,
       "high": 4627.55,
       "low": 4239.01,
       "close": 4545.11,
       "volume_btc": 27423.73,
       "volume_usd": 121800475.3
    },
    {
       "date": "2018-11-22",
       "open": 4545.11,
       "high": 4589,
       "low": 4238.69,
       "close": 4263.66,
       "volume_btc": 12107.2,
       "volume_usd": 53839728.96
    },
    {
       "date": "2018-11-23",
       "open": 4263.66,
       "high": 4366.05,
       "low": 4086.16,
       "close": 4283.8,
       "volume_btc": 18389.56,
       "volume_usd": 77685278.7
    },
    {
       "date": "2018-11-24",
       "open": 4283.8,
       "high": 4370.78,
       "low": 3650.84,
       "close": 3774.99,
       "volume_btc": 20501.98,
       "volume_usd": 81745237.63
    },
    {
       "date": "2018-11-25",
       "open": 3774.99,
       "high": 4120,
       "low": 3457.81,
       "close": 3936.69,
       "volume_btc": 36576.28,
       "volume_usd": 137761165.1
    },
    {
       "date": "2018-11-26",
       "open": 3936.69,
       "high": 4076.25,
       "low": 3510,
       "close": 3731.32,
       "volume_btc": 34144.92,
       "volume_usd": 128945499.1
    },
    {
       "date": "2018-11-27",
       "open": 3731.32,
       "high": 3830,
       "low": 3562.9,
       "close": 3775,
       "volume_btc": 22536.15,
       "volume_usd": 83514577.38
    },
    {
       "date": "2018-11-28",
       "open": 3775,
       "high": 4365,
       "low": 3775,
       "close": 4225.03,
       "volume_btc": 34203.59,
       "volume_usd": 140103162.3
    },
    {
       "date": "2018-11-29",
       "open": 4225.03,
       "high": 4410.52,
       "low": 4078.21,
       "close": 4248,
       "volume_btc": 19053.48,
       "volume_usd": 80634972.42
    },
    {
       "date": "2018-11-30",
       "open": 4248,
       "high": 4297.71,
       "low": 3869,
       "close": 3975.48,
       "volume_btc": 18112.45,
       "volume_usd": 73243944.12
    },
    {
       "date": "2018-12-01",
       "open": 3976,
       "high": 4275.42,
       "low": 3910.08,
       "close": 4142.01,
       "volume_btc": 9685.27,
       "volume_usd": 39839244.19
    },
    {
       "date": "2018-12-02",
       "open": 4142.01,
       "high": 4263.77,
       "low": 4036,
       "close": 4103.19,
       "volume_btc": 10461.93,
       "volume_usd": 43216163.42
    },
    {
       "date": "2018-12-03",
       "open": 4103.19,
       "high": 4119.98,
       "low": 3741.95,
       "close": 3833.47,
       "volume_btc": 15624.16,
       "volume_usd": 60988995.33
    },
    {
       "date": "2018-12-04",
       "open": 3833.47,
       "high": 4035.1,
       "low": 3732.43,
       "close": 3901.84,
       "volume_btc": 15556.85,
       "volume_usd": 60561979.03
    },
    {
       "date": "2018-12-05",
       "open": 3901.84,
       "high": 3912.53,
       "low": 3660,
       "close": 3694.39,
       "volume_btc": 14074.46,
       "volume_usd": 53225016.59
    },
    {
       "date": "2018-12-06",
       "open": 3694.39,
       "high": 3849,
       "low": 3401,
       "close": 3433.26,
       "volume_btc": 26157.21,
       "volume_usd": 95403129.31
    },
    {
       "date": "2018-12-07",
       "open": 3433.26,
       "high": 3544.99,
       "low": 3212,
       "close": 3380.01,
       "volume_btc": 34994.71,
       "volume_usd": 117571739.6
    },
    {
       "date": "2018-12-08",
       "open": 3380.01,
       "high": 3495,
       "low": 3253.66,
       "close": 3401,
       "volume_btc": 13145.57,
       "volume_usd": 44474430.73
    },
    {
       "date": "2018-12-09",
       "open": 3401,
       "high": 3642.51,
       "low": 3373.52,
       "close": 3531.18,
       "volume_btc": 11241.81,
       "volume_usd": 39534414.79
    },
    {
       "date": "2018-12-10",
       "open": 3531.18,
       "high": 3590.71,
       "low": 3354.97,
       "close": 3410.15,
       "volume_btc": 12950.67,
       "volume_usd": 44649594.52
    },
    {
       "date": "2018-12-11",
       "open": 3410.15,
       "high": 3424.92,
       "low": 3293.49,
       "close": 3355.68,
       "volume_btc": 10574.9,
       "volume_usd": 35539918.9
    },
    {
       "date": "2018-12-12",
       "open": 3349.36,
       "high": 3486.16,
       "low": 3325.58,
       "close": 3430.24,
       "volume_btc": 10238.1,
       "volume_usd": 34894094.7
    },
    {
       "date": "2018-12-13",
       "open": 3430.24,
       "high": 3439.63,
       "low": 3227.96,
       "close": 3265,
       "volume_btc": 13289.12,
       "volume_usd": 44246274.75
    },
    {
       "date": "2018-12-14",
       "open": 3265,
       "high": 3294.9,
       "low": 3135,
       "close": 3195.71,
       "volume_btc": 13684.44,
       "volume_usd": 44008088.91
    },
    {
       "date": "2018-12-15",
       "open": 3195.71,
       "high": 3228.69,
       "low": 3130,
       "close": 3183,
       "volume_btc": 9032.11,
       "volume_usd": 28655379.18
    },
    {
       "date": "2018-12-16",
       "open": 3183,
       "high": 3258,
       "low": 3181.24,
       "close": 3195,
       "volume_btc": 6960.21,
       "volume_usd": 22400415.44
    },
    {
       "date": "2018-12-17",
       "open": 3195,
       "high": 3585.95,
       "low": 3184.28,
       "close": 3496.82,
       "volume_btc": 20649.01,
       "volume_usd": 70639362.06
    },
    {
       "date": "2018-12-18",
       "open": 3496.82,
       "high": 3688,
       "low": 3436.5,
       "close": 3667.77,
       "volume_btc": 16101.1,
       "volume_usd": 56933990.4
    },
    {
       "date": "2018-12-19",
       "open": 3667.77,
       "high": 3928.15,
       "low": 3642.17,
       "close": 3682.51,
       "volume_btc": 27118.36,
       "volume_usd": 101817752.9
    },
    {
       "date": "2018-12-20",
       "open": 3682.51,
       "high": 4175,
       "low": 3661.5,
       "close": 4075.34,
       "volume_btc": 28862.88,
       "volume_usd": 114890624.6
    },
    {
       "date": "2018-12-21",
       "open": 4075.34,
       "high": 4162.27,
       "low": 3775,
       "close": 3839.06,
       "volume_btc": 21880.53,
       "volume_usd": 86954689.31
    },
    {
       "date": "2018-12-22",
       "open": 3839.06,
       "high": 4005,
       "low": 3790.16,
       "close": 3980.46,
       "volume_btc": 9641.35,
       "volume_usd": 37325618.06
    },
    {
       "date": "2018-12-23",
       "open": 3980.46,
       "high": 4050,
       "low": 3904.87,
       "close": 3944.93,
       "volume_btc": 9760.55,
       "volume_usd": 38817919.58
    },
    {
       "date": "2018-12-24",
       "open": 3944.93,
       "high": 4239.37,
       "low": 3944.92,
       "close": 4034,
       "volume_btc": 18459.12,
       "volume_usd": 76089211.12
    },
    {
       "date": "2018-12-25",
       "open": 4034,
       "high": 4045.41,
       "low": 3676.15,
       "close": 3780,
       "volume_btc": 11888.87,
       "volume_usd": 45000432.16
    },
    {
       "date": "2018-12-26",
       "open": 3780,
       "high": 3849.2,
       "low": 3685.02,
       "close": 3809.88,
       "volume_btc": 8763.53,
       "volume_usd": 33042372.79
    },
    {
       "date": "2018-12-27",
       "open": 3809.88,
       "high": 3841.21,
       "low": 3567,
       "close": 3589.89,
       "volume_btc": 12383.47,
       "volume_usd": 45731632.17
    },
    {
       "date": "2018-12-28",
       "open": 3589.89,
       "high": 3971.58,
       "low": 3576.12,
       "close": 3888.06,
       "volume_btc": 15655.27,
       "volume_usd": 59270515.49
    },
    {
       "date": "2018-12-29",
       "open": 3888.06,
       "high": 3944.33,
       "low": 3706,
       "close": 3729.31,
       "volume_btc": 8888.81,
       "volume_usd": 34339865.94
    },
    {
       "date": "2018-12-30",
       "open": 3729.31,
       "high": 3863.06,
       "low": 3691.01,
       "close": 3829,
       "volume_btc": 8281.34,
       "volume_usd": 31410502.18
    },
    {
       "date": "2018-12-31",
       "open": 3829,
       "high": 3835.4,
       "low": 3625.84,
       "close": 3691.86,
       "volume_btc": 11743.89,
       "volume_usd": 43908768.84
    }
]